Return_ID,Order_ID,Return_Reason,Total_Amount
RET00001,ORD10004,Late delivery,72
RET00002,ORD10008,Changed mind,602
RET00003,ORD10010,Defective,950
RET00004,ORD10011,Late delivery,2648
RET00005,ORD10017,Wrong size,718
RET00006,ORD10019,Late delivery,153
RET00007,ORD10021,Late delivery,2319
RET00008,ORD10024,Wrong size,2541
RET00009,ORD10043,Changed mind,1392
RET00010,ORD10050,,1221
RET00011,ORD10058,Damaged,4240
RET00012,ORD10062,Changed mind,2360
RET00013,ORD10069,Damaged,1676
RET00014,ORD10071,Damaged,699
RET00015,ORD10087,Damaged,2340
RET00016,ORD10095,Defective,2596
RET00017,ORD10126,Changed mind,1668
RET00018,ORD10135,Late delivery,4092
RET00019,ORD10154,Defective,4292
RET00020,ORD10157,Wrong size,1347
RET00021,ORD10159,Wrong size,112
RET00022,ORD10163,Damaged,3360
RET00023,ORD10164,Defective,603
RET00024,ORD10167,,1722
RET00025,ORD10170,,546
RET00026,ORD10173,Defective,1689
RET00027,ORD10187,Wrong size,2398
RET00028,ORD10190,Late delivery,575
RET00029,ORD10197,Changed mind,1312
RET00030,ORD10214,Changed mind,356
RET00031,ORD10222,Damaged,1440
RET00032,ORD10231,Damaged,1772
RET00033,ORD10232,Damaged,1156
RET00034,ORD10237,Wrong size,999
RET00035,ORD10239,Wrong size,2838
RET00036,ORD10245,,2934
RET00037,ORD10248,Changed mind,1032
RET00038,ORD10254,,2092
RET00039,ORD10256,,730
RET00040,ORD10273,Damaged,680
RET00041,ORD10282,,1352
RET00042,ORD10286,Defective,1722
RET00043,ORD10301,,1084
RET00044,ORD10316,Late delivery,392
RET00045,ORD10318,Wrong size,1268
RET00046,ORD10326,,607
RET00047,ORD10330,Damaged,5348
RET00048,ORD10331,Damaged,5132
RET00049,ORD10359,Wrong size,5856
RET00050,ORD10367,Changed mind,4458
RET00051,ORD10377,Changed mind,400
RET00052,ORD10378,Changed mind,1450
RET00053,ORD10387,Changed mind,4029
RET00054,ORD10401,Defective,38
RET00055,ORD10413,Damaged,669
RET00056,ORD10440,Changed mind,1904
RET00057,ORD10445,Changed mind,285
RET00058,ORD10458,,775
RET00059,ORD10461,Late delivery,4353
RET00060,ORD10468,Late delivery,3846
RET00061,ORD10474,Damaged,897
RET00062,ORD10476,,3360
RET00063,ORD10481,Wrong size,4020
RET00064,ORD10491,Changed mind,2271
RET00065,ORD10497,Defective,1923
RET00066,ORD10504,Late delivery,491
RET00067,ORD10505,Changed mind,5404
RET00068,ORD10506,Wrong size,1054
RET00069,ORD10519,Defective,3004
RET00070,ORD10523,Late delivery,3354
RET00071,ORD10530,,2394
RET00072,ORD10539,Wrong size,4144
RET00073,ORD10543,Wrong size,999
RET00074,ORD10547,,2958
RET00075,ORD10549,Defective,1786
RET00076,ORD10561,Defective,2996
RET00077,ORD10563,Late delivery,475
RET00078,ORD10569,Defective,2010
RET00079,ORD10573,Changed mind,4936
RET00080,ORD10577,Defective,3111
RET00081,ORD10597,,693
RET00082,ORD10598,Wrong size,2272
RET00083,ORD10603,Defective,541
RET00084,ORD10607,Late delivery,4596
RET00085,ORD10642,Changed mind,1920
RET00086,ORD10645,Defective,2229
RET00087,ORD10648,Changed mind,1653
RET00088,ORD10650,Defective,4256
RET00089,ORD10652,Changed mind,304
RET00090,ORD10655,Defective,135
RET00091,ORD10660,Defective,2562
RET00092,ORD10664,Damaged,616
RET00093,ORD10667,Wrong size,1477
RET00094,ORD10682,Late delivery,2782
RET00095,ORD10687,Late delivery,3522
RET00096,ORD10711,Damaged,829
RET00097,ORD10727,Defective,260
RET00098,ORD10742,Wrong size,4184
RET00099,ORD10743,Changed mind,2572
RET00100,ORD10753,Damaged,4496
RET00101,ORD10756,Late delivery,5784
RET00102,ORD10765,Late delivery,1067
RET00103,ORD10769,,2974
RET00104,ORD10773,,3348
RET00105,ORD10774,Late delivery,2762
RET00106,ORD10781,Defective,546
RET00107,ORD10782,,2414
RET00108,ORD10790,Changed mind,276
RET00109,ORD10791,Changed mind,657
RET00110,ORD10792,Changed mind,4443
RET00111,ORD10795,Defective,1415
RET00112,ORD10812,Late delivery,3796
RET00113,ORD10814,,2576
RET00114,ORD10824,,2740
RET00115,ORD10829,Late delivery,1086
RET00116,ORD10856,Defective,1150
RET00117,ORD10872,Wrong size,3148
RET00118,ORD10885,Defective,4532
RET00119,ORD10892,Defective,3904
RET00120,ORD10906,Late delivery,318
RET00121,ORD10907,Changed mind,1074
RET00122,ORD10913,Late delivery,2370
RET00123,ORD10922,,2588
RET00124,ORD10925,Wrong size,3168
RET00125,ORD10949,Damaged,2766
RET00126,ORD10952,,1260
RET00127,ORD10960,Damaged,2205
RET00128,ORD10968,Defective,1059
RET00129,ORD10980,Damaged,1478
RET00130,ORD10983,,826
RET00131,ORD10988,Changed mind,590
RET00132,ORD10992,Late delivery,1656
RET00133,ORD10996,Wrong size,1083
RET00134,ORD10997,Wrong size,3249
RET00135,ORD10998,Wrong size,4488
RET00136,ORD11016,,1647
RET00137,ORD11023,,597
RET00138,ORD11024,Late delivery,3936
RET00139,ORD11025,Changed mind,2386
RET00140,ORD11032,Wrong size,657
RET00141,ORD11046,Damaged,599
RET00142,ORD11057,Changed mind,2938
RET00143,ORD11067,Changed mind,210
RET00144,ORD11068,,828
RET00145,ORD11073,,820
RET00146,ORD11112,Changed mind,1530
RET00147,ORD11118,Wrong size,108
RET00148,ORD11120,Changed mind,4644
RET00149,ORD11135,,1100
RET00150,ORD11139,Wrong size,355
RET00151,ORD11145,Damaged,4292
RET00152,ORD11157,,411
RET00153,ORD11191,Damaged,2450
RET00154,ORD11193,Damaged,2418
RET00155,ORD11203,,2958
RET00156,ORD11204,,1256
RET00157,ORD11209,Damaged,2244
RET00158,ORD11230,Changed mind,4644
RET00159,ORD11231,Changed mind,2430
RET00160,ORD11232,Wrong size,1533
RET00161,ORD11234,Damaged,4024
RET00162,ORD11239,Defective,4131
RET00163,ORD11244,Damaged,1856
RET00164,ORD11249,Late delivery,704
RET00165,ORD11255,Defective,1084
RET00166,ORD11257,Late delivery,1391
RET00167,ORD11281,Defective,1412
RET00168,ORD11288,,3972
RET00169,ORD11289,Wrong size,208
RET00170,ORD11292,Changed mind,2772
RET00171,ORD11300,Wrong size,2808
RET00172,ORD11303,Defective,3764
RET00173,ORD11304,Damaged,1980
RET00174,ORD11309,Wrong size,2536
RET00175,ORD11313,Defective,576
RET00176,ORD11318,Damaged,611
RET00177,ORD11321,Changed mind,1388
RET00178,ORD11335,Defective,2100
RET00179,ORD11338,Late delivery,4416
RET00180,ORD11343,Late delivery,638
RET00181,ORD11350,Late delivery,5104
RET00182,ORD11353,Damaged,3800
RET00183,ORD11364,Damaged,2284
RET00184,ORD11366,Wrong size,2790
RET00185,ORD11370,Damaged,2168
RET00186,ORD11375,Defective,1031
RET00187,ORD11389,Late delivery,1294
RET00188,ORD11394,Changed mind,2180
RET00189,ORD11410,,4056
RET00190,ORD11416,Late delivery,2304
RET00191,ORD11427,Defective,1498
RET00192,ORD11435,,27
RET00193,ORD11436,Changed mind,1896
RET00194,ORD11438,Wrong size,2484
RET00195,ORD11458,Damaged,1804
RET00196,ORD11460,Defective,196
RET00197,ORD11480,,2496
RET00198,ORD11484,Damaged,1234
RET00199,ORD11503,Wrong size,1806
RET00200,ORD11507,Changed mind,99
RET00201,ORD11509,,2868
RET00202,ORD11513,Defective,3684
RET00203,ORD11514,Changed mind,291
RET00204,ORD11518,,1410
RET00205,ORD11519,,1342
RET00206,ORD11530,Defective,548
RET00207,ORD11533,Wrong size,48
RET00208,ORD11547,Wrong size,2118
RET00209,ORD11552,Wrong size,1337
RET00210,ORD11563,Damaged,834
RET00211,ORD11569,Late delivery,2284
RET00212,ORD11575,Changed mind,236
RET00213,ORD11578,Defective,883
RET00214,ORD11583,Changed mind,1888
RET00215,ORD11584,Late delivery,572
RET00216,ORD11587,Damaged,532
RET00217,ORD11591,Damaged,2068
RET00218,ORD11596,Late delivery,2428
RET00219,ORD11607,,2661
RET00220,ORD11625,Defective,416
RET00221,ORD11636,Late delivery,1252
RET00222,ORD11637,Damaged,1506
RET00223,ORD11647,,198
RET00224,ORD11648,Damaged,3360
RET00225,ORD11664,,945
RET00226,ORD11672,Changed mind,1151
RET00227,ORD11689,Defective,1640
RET00228,ORD11712,Defective,216
RET00229,ORD11722,Damaged,765
RET00230,ORD11729,Late delivery,951
RET00231,ORD11732,Damaged,1788
RET00232,ORD11743,Changed mind,4329
RET00233,ORD11747,Late delivery,218
RET00234,ORD11755,Damaged,1477
RET00235,ORD11757,,2476
RET00236,ORD11760,,672
RET00237,ORD11763,Defective,2306
RET00238,ORD11768,Changed mind,332
RET00239,ORD11771,Damaged,2790
RET00240,ORD11777,Damaged,4296
RET00241,ORD11779,,3435
RET00242,ORD11784,,917
RET00243,ORD11794,,3420
RET00244,ORD11801,,1695
RET00245,ORD11803,Wrong size,204
RET00246,ORD11806,Late delivery,2532
RET00247,ORD11810,Wrong size,918
RET00248,ORD11821,Defective,84
RET00249,ORD11834,Late delivery,2379
RET00250,ORD11839,Changed mind,616
RET00251,ORD11843,Late delivery,3243
RET00252,ORD11844,,396
RET00253,ORD11854,Damaged,3858
RET00254,ORD11855,Damaged,2240
RET00255,ORD11857,Damaged,3768
RET00256,ORD11863,Late delivery,1062
RET00257,ORD11873,Damaged,548
RET00258,ORD11886,Damaged,1760
RET00259,ORD11903,,724
RET00260,ORD11912,Wrong size,776
RET00261,ORD11913,Damaged,1238
RET00262,ORD11914,Wrong size,1827
RET00263,ORD11915,Defective,1221
RET00264,ORD11918,Late delivery,160
RET00265,ORD11927,Wrong size,1822
RET00266,ORD11933,,195
RET00267,ORD11946,Late delivery,2500
RET00268,ORD11962,Late delivery,186
RET00269,ORD11964,Changed mind,273
RET00270,ORD11966,Wrong size,1020
RET00271,ORD11970,Damaged,3296
RET00272,ORD11973,,1315
RET00273,ORD11988,,1170
RET00274,ORD11994,Changed mind,4888
RET00275,ORD11999,Wrong size,1824
RET00276,ORD12013,,180
RET00277,ORD12045,Wrong size,5140
RET00278,ORD12046,Defective,506
RET00279,ORD12048,Damaged,4041
RET00280,ORD12050,Defective,5296
RET00281,ORD12057,Late delivery,1560
RET00282,ORD12068,Damaged,1428
RET00283,ORD12078,Defective,2270
RET00284,ORD12086,Defective,978
RET00285,ORD12089,Damaged,47
RET00286,ORD12104,Wrong size,4136
RET00287,ORD12105,Late delivery,1482
RET00288,ORD12108,Changed mind,945
RET00289,ORD12111,,1293
RET00290,ORD12114,Changed mind,2884
RET00291,ORD12117,Changed mind,805
RET00292,ORD12120,Late delivery,519
RET00293,ORD12126,Damaged,4455
RET00294,ORD12135,Damaged,2444
RET00295,ORD12147,Damaged,1942
RET00296,ORD12170,Changed mind,196
RET00297,ORD12176,Wrong size,2337
RET00298,ORD12180,Defective,1268
RET00299,ORD12184,Changed mind,2680
RET00300,ORD12186,Late delivery,2817
RET00301,ORD12190,Damaged,1372
RET00302,ORD12201,Defective,1578
RET00303,ORD12204,Damaged,256
RET00304,ORD12208,Damaged,225
RET00305,ORD12218,Damaged,4269
RET00306,ORD12224,,3240
RET00307,ORD12231,Wrong size,1092
RET00308,ORD12240,Defective,1570
RET00309,ORD12254,Changed mind,2282
RET00310,ORD12255,Wrong size,3636
RET00311,ORD12256,,990
RET00312,ORD12261,Late delivery,608
RET00313,ORD12278,,69
RET00314,ORD12282,Late delivery,430
RET00315,ORD12298,,134
RET00316,ORD12306,Changed mind,957
RET00317,ORD12309,Defective,406
RET00318,ORD12310,Changed mind,3652
RET00319,ORD12321,Wrong size,906
RET00320,ORD12327,Defective,4311
RET00321,ORD12329,Late delivery,864
RET00322,ORD12331,Defective,5032
RET00323,ORD12350,Defective,3684
RET00324,ORD12351,Defective,116
RET00325,ORD12352,Changed mind,1402
RET00326,ORD12364,Damaged,198
RET00327,ORD12373,Wrong size,4200
RET00328,ORD12378,Defective,4329
RET00329,ORD12381,Defective,2518
RET00330,ORD12391,Changed mind,1302
RET00331,ORD12395,Wrong size,1299
RET00332,ORD12399,Wrong size,3249
RET00333,ORD12400,Late delivery,1165
RET00334,ORD12410,Wrong size,2952
RET00335,ORD12423,Wrong size,438
RET00336,ORD12435,Defective,5788
RET00337,ORD12460,Damaged,2175
RET00338,ORD12469,Defective,2706
RET00339,ORD12475,,411
RET00340,ORD12479,Changed mind,930
RET00341,ORD12494,Wrong size,3015
RET00342,ORD12500,Damaged,4676
RET00343,ORD12512,Defective,2085
RET00344,ORD12515,,1023
RET00345,ORD12521,Late delivery,75
RET00346,ORD12525,Changed mind,884
RET00347,ORD12531,,1822
RET00348,ORD12535,Changed mind,620
RET00349,ORD12538,,1456
RET00350,ORD12539,Changed mind,4179
RET00351,ORD12541,Defective,513
RET00352,ORD12546,Damaged,1746
RET00353,ORD12550,Damaged,172
RET00354,ORD12559,Wrong size,560
RET00355,ORD12560,Damaged,80
RET00356,ORD12571,Late delivery,1456
RET00357,ORD12575,,3621
RET00358,ORD12587,Changed mind,2187
RET00359,ORD12593,Defective,1071
RET00360,ORD12596,Changed mind,1419
RET00361,ORD12600,Changed mind,4576
RET00362,ORD12605,Late delivery,168
RET00363,ORD12608,,1526
RET00364,ORD12610,Changed mind,786
RET00365,ORD12620,Changed mind,3786
RET00366,ORD12624,Late delivery,636
RET00367,ORD12637,Late delivery,520
RET00368,ORD12641,Damaged,4173
RET00369,ORD12643,,5892
RET00370,ORD12649,Changed mind,2820
RET00371,ORD12651,,3786
RET00372,ORD12655,Wrong size,1444
RET00373,ORD12660,Wrong size,1250
RET00374,ORD12664,Wrong size,3780
RET00375,ORD12671,,824
RET00376,ORD12678,Late delivery,996
RET00377,ORD12684,Changed mind,2480
RET00378,ORD12708,Damaged,510
RET00379,ORD12714,Changed mind,643
RET00380,ORD12717,Wrong size,1398
RET00381,ORD12728,,387
RET00382,ORD12740,Defective,3483
RET00383,ORD12755,,1220
RET00384,ORD12760,Wrong size,648
RET00385,ORD12764,,2996
RET00386,ORD12767,,534
RET00387,ORD12768,,2442
RET00388,ORD12774,Late delivery,2440
RET00389,ORD12776,Changed mind,3885
RET00390,ORD12780,Late delivery,3416
RET00391,ORD12784,,1008
RET00392,ORD12786,Damaged,1854
RET00393,ORD12789,Changed mind,2474
RET00394,ORD12829,Changed mind,1136
RET00395,ORD12834,Changed mind,266
RET00396,ORD12836,Defective,1137
RET00397,ORD12845,Changed mind,946
RET00398,ORD12856,Defective,787
RET00399,ORD12862,Changed mind,2900
RET00400,ORD12865,,1284
RET00401,ORD12867,Wrong size,344
RET00402,ORD12868,Damaged,2522
RET00403,ORD12869,Changed mind,1918
RET00404,ORD12876,Late delivery,4191
RET00405,ORD12882,Wrong size,420
RET00406,ORD12895,Late delivery,1758
RET00407,ORD12896,Late delivery,2520
RET00408,ORD12897,Defective,4256
RET00409,ORD12899,Damaged,881
RET00410,ORD12906,Late delivery,2966
RET00411,ORD12910,Wrong size,4008
RET00412,ORD12911,Damaged,402
RET00413,ORD12917,Wrong size,1878
RET00414,ORD12936,Late delivery,1168
RET00415,ORD12945,Damaged,4320
RET00416,ORD12947,Changed mind,516
RET00417,ORD12950,Late delivery,3056
RET00418,ORD12957,Late delivery,1932
RET00419,ORD12958,,124
RET00420,ORD12984,,648
RET00421,ORD13007,Defective,792
RET00422,ORD13010,Wrong size,2979
RET00423,ORD13011,Changed mind,1569
RET00424,ORD13016,Damaged,1221
RET00425,ORD13017,Late delivery,847
RET00426,ORD13026,Late delivery,348
RET00427,ORD13037,Changed mind,480
RET00428,ORD13048,Late delivery,4359
RET00429,ORD13050,Wrong size,1152
RET00430,ORD13054,Damaged,5536
RET00431,ORD13057,Changed mind,1084
RET00432,ORD13072,Changed mind,2456
RET00433,ORD13073,,633
RET00434,ORD13075,Defective,652
RET00435,ORD13088,Damaged,3968
RET00436,ORD13102,Changed mind,85
RET00437,ORD13112,Late delivery,4266
RET00438,ORD13120,,1868
RET00439,ORD13127,Damaged,2361
RET00440,ORD13132,Wrong size,845
RET00441,ORD13133,Changed mind,2694
RET00442,ORD13143,Wrong size,1652
RET00443,ORD13155,Changed mind,2823
RET00444,ORD13164,Late delivery,5084
RET00445,ORD13166,Defective,3060
RET00446,ORD13173,Late delivery,4668
RET00447,ORD13175,Wrong size,1926
RET00448,ORD13182,Damaged,456
RET00449,ORD13185,,2588
RET00450,ORD13190,Wrong size,4676
RET00451,ORD13200,Defective,2560
RET00452,ORD13212,Changed mind,748
RET00453,ORD13229,,216
RET00454,ORD13231,Changed mind,703
RET00455,ORD13242,Wrong size,2326
RET00456,ORD13245,Damaged,1453
RET00457,ORD13248,Changed mind,4146
RET00458,ORD13250,Changed mind,556
RET00459,ORD13266,,1580
RET00460,ORD13280,Defective,1246
RET00461,ORD13285,,559
RET00462,ORD13291,Defective,3120
RET00463,ORD13296,Damaged,3006
RET00464,ORD13301,Changed mind,535
RET00465,ORD13304,Late delivery,4204
RET00466,ORD13318,Wrong size,2244
RET00467,ORD13322,,729
RET00468,ORD13327,Changed mind,2808
RET00469,ORD13328,Wrong size,1392
RET00470,ORD13330,,2956
RET00471,ORD13335,Changed mind,4305
RET00472,ORD13338,Defective,57
RET00473,ORD13342,Damaged,1536
RET00474,ORD13344,Late delivery,5180
RET00475,ORD13350,,741
RET00476,ORD13357,Defective,44
RET00477,ORD13365,Damaged,1120
RET00478,ORD13369,Defective,2816
RET00479,ORD13376,,1332
RET00480,ORD13387,Wrong size,653
RET00481,ORD13389,Changed mind,2484
RET00482,ORD13401,Defective,2220
RET00483,ORD13412,,255
RET00484,ORD13422,Damaged,2019
RET00485,ORD13424,Changed mind,2124
RET00486,ORD13429,,828
RET00487,ORD13437,Wrong size,1310
RET00488,ORD13462,Wrong size,117
RET00489,ORD13474,Late delivery,5296
RET00490,ORD13480,Changed mind,1133
RET00491,ORD13483,Wrong size,4263
RET00492,ORD13484,Defective,4374
RET00493,ORD13488,Wrong size,762
RET00494,ORD13489,Wrong size,2606
RET00495,ORD13500,Wrong size,1173
RET00496,ORD13505,Late delivery,716
RET00497,ORD13510,,2862
RET00498,ORD13518,Damaged,2012
RET00499,ORD13527,,3243
RET00500,ORD13538,Wrong size,724
RET00501,ORD13539,Damaged,4470
RET00502,ORD13543,Changed mind,2526
RET00503,ORD13551,Damaged,496
RET00504,ORD13555,Changed mind,1431
RET00505,ORD13566,Late delivery,560
RET00506,ORD13575,Changed mind,462
RET00507,ORD13582,Changed mind,1316
RET00508,ORD13604,Defective,2160
RET00509,ORD13610,Late delivery,2704
RET00510,ORD13612,Wrong size,2340
RET00511,ORD13613,Late delivery,194
RET00512,ORD13614,Defective,1131
RET00513,ORD13620,Changed mind,942
RET00514,ORD13621,,303
RET00515,ORD13629,Late delivery,3072
RET00516,ORD13633,Defective,627
RET00517,ORD13634,,2955
RET00518,ORD13636,Wrong size,1160
RET00519,ORD13638,Changed mind,956
RET00520,ORD13641,Late delivery,2685
RET00521,ORD13643,Late delivery,3399
RET00522,ORD13650,,1977
RET00523,ORD13657,Changed mind,2278
RET00524,ORD13673,Late delivery,3388
RET00525,ORD13679,Changed mind,2412
RET00526,ORD13684,Defective,2922
RET00527,ORD13699,Changed mind,750
RET00528,ORD13705,Wrong size,1650
RET00529,ORD13720,Changed mind,4936
RET00530,ORD13731,,342
RET00531,ORD13740,Late delivery,1006
RET00532,ORD13741,,1408
RET00533,ORD13752,Changed mind,940
RET00534,ORD13757,Changed mind,1178
RET00535,ORD13766,Changed mind,356
RET00536,ORD13771,Wrong size,3372
RET00537,ORD13780,,3972
RET00538,ORD13786,Wrong size,681
RET00539,ORD13789,Late delivery,1300
RET00540,ORD13794,,876
RET00541,ORD13821,Late delivery,528
RET00542,ORD13828,Changed mind,2848
RET00543,ORD13838,Damaged,2637
RET00544,ORD13839,,1776
RET00545,ORD13856,Defective,1914
RET00546,ORD13861,Changed mind,2594
RET00547,ORD13864,Defective,834
RET00548,ORD13873,Wrong size,1358
RET00549,ORD13876,Late delivery,703
RET00550,ORD13883,Damaged,714
RET00551,ORD13887,Late delivery,105
RET00552,ORD13896,Wrong size,111
RET00553,ORD13920,Changed mind,1136
RET00554,ORD13921,Wrong size,3873
RET00555,ORD13929,Damaged,2914
RET00556,ORD13931,Changed mind,1276
RET00557,ORD13949,,3753
RET00558,ORD13960,Changed mind,892
RET00559,ORD13966,Damaged,1548
RET00560,ORD13971,Late delivery,621
RET00561,ORD13981,Changed mind,2259
RET00562,ORD13985,Late delivery,305
RET00563,ORD13991,Defective,3450
RET00564,ORD14002,Damaged,303
RET00565,ORD14006,Defective,330
RET00566,ORD14027,Changed mind,1100
RET00567,ORD14038,Damaged,1692
RET00568,ORD14051,Changed mind,1083
RET00569,ORD14079,Damaged,470
RET00570,ORD14083,Late delivery,3774
RET00571,ORD14087,Wrong size,2528
RET00572,ORD14089,,3414
RET00573,ORD14092,Wrong size,593
RET00574,ORD14095,Damaged,5512
RET00575,ORD14096,Defective,1860
RET00576,ORD14121,Damaged,915
RET00577,ORD14126,Late delivery,954
RET00578,ORD14139,,4305
RET00579,ORD14152,Defective,167
RET00580,ORD14159,Damaged,1728
RET00581,ORD14163,,1274
RET00582,ORD14165,,459
RET00583,ORD14170,Damaged,1120
RET00584,ORD14183,Changed mind,3008
RET00585,ORD14187,Late delivery,876
RET00586,ORD14200,Late delivery,4239
RET00587,ORD14202,Wrong size,3414
RET00588,ORD14220,Changed mind,902
RET00589,ORD14231,Defective,2788
RET00590,ORD14234,,446
RET00591,ORD14238,Wrong size,814
RET00592,ORD14265,Late delivery,5108
RET00593,ORD14266,Damaged,1259
RET00594,ORD14268,Changed mind,940
RET00595,ORD14271,Late delivery,526
RET00596,ORD14281,Late delivery,1413
RET00597,ORD14295,Changed mind,3236
RET00598,ORD14308,Late delivery,3672
RET00599,ORD14313,Wrong size,5804
RET00600,ORD14316,Changed mind,1268
RET00601,ORD14322,Late delivery,504
RET00602,ORD14330,Late delivery,273
RET00603,ORD14337,Changed mind,1402
RET00604,ORD14339,Damaged,1004
RET00605,ORD14340,Defective,5772
RET00606,ORD14344,Changed mind,893
RET00607,ORD14361,Damaged,2856
RET00608,ORD14362,,3716
RET00609,ORD14368,Late delivery,2997
RET00610,ORD14371,Wrong size,1023
RET00611,ORD14373,,1257
RET00612,ORD14374,Late delivery,1140
RET00613,ORD14378,Late delivery,879
RET00614,ORD14381,,3420
RET00615,ORD14397,Damaged,472
RET00616,ORD14409,Changed mind,396
RET00617,ORD14411,Defective,1067
RET00618,ORD14412,Defective,302
RET00619,ORD14415,Changed mind,420
RET00620,ORD14418,Changed mind,3291
RET00621,ORD14420,Wrong size,1764
RET00622,ORD14422,Changed mind,2572
RET00623,ORD14425,Wrong size,2442
RET00624,ORD14430,Changed mind,2308
RET00625,ORD14443,Wrong size,1228
RET00626,ORD14451,Changed mind,1231
RET00627,ORD14455,Changed mind,615
RET00628,ORD14460,Defective,2908
RET00629,ORD14466,Late delivery,216
RET00630,ORD14479,Late delivery,874
RET00631,ORD14483,Wrong size,4180
RET00632,ORD14498,Damaged,2724
RET00633,ORD14504,,680
RET00634,ORD14519,Defective,705
RET00635,ORD14520,Changed mind,728
RET00636,ORD14523,Defective,2277
RET00637,ORD14526,Damaged,1376
RET00638,ORD14536,Defective,1848
RET00639,ORD14539,Damaged,598
RET00640,ORD14541,,4528
RET00641,ORD14554,Damaged,1624
RET00642,ORD14556,Damaged,755
RET00643,ORD14563,Damaged,3165
RET00644,ORD14564,Damaged,2674
RET00645,ORD14569,Changed mind,1558
RET00646,ORD14576,Defective,2955
RET00647,ORD14595,Late delivery,496
RET00648,ORD14602,Late delivery,2565
RET00649,ORD14604,Changed mind,5008
RET00650,ORD14614,Wrong size,3168
RET00651,ORD14627,,3177
RET00652,ORD14628,Damaged,1128
RET00653,ORD14641,Defective,1498
RET00654,ORD14643,Damaged,1434
RET00655,ORD14647,Damaged,3520
RET00656,ORD14661,Late delivery,5808
RET00657,ORD14666,Damaged,4134
RET00658,ORD14668,Defective,2836
RET00659,ORD14676,Defective,391
RET00660,ORD14694,Late delivery,760
RET00661,ORD14700,Changed mind,1503
RET00662,ORD14703,Late delivery,227
RET00663,ORD14705,Late delivery,1428
RET00664,ORD14707,Damaged,887
RET00665,ORD14708,Wrong size,2396
RET00666,ORD14711,,2970
RET00667,ORD14712,Changed mind,1328
RET00668,ORD14718,Changed mind,1284
RET00669,ORD14720,Changed mind,239
RET00670,ORD14724,Damaged,1498
RET00671,ORD14730,Late delivery,1390
RET00672,ORD14732,,1139
RET00673,ORD14760,Damaged,1443
RET00674,ORD14764,Defective,3153
RET00675,ORD14768,Wrong size,205
RET00676,ORD14769,Wrong size,1974
RET00677,ORD14783,,1480
RET00678,ORD14788,Damaged,4314
RET00679,ORD14796,Late delivery,1423
RET00680,ORD14800,Changed mind,1210
RET00681,ORD14805,,1485
RET00682,ORD14817,,916
RET00683,ORD14820,Defective,587
RET00684,ORD14830,Defective,3102
RET00685,ORD14835,,154
RET00686,ORD14844,Wrong size,2331
RET00687,ORD14856,,5532
RET00688,ORD14861,Late delivery,3568
RET00689,ORD14881,Changed mind,602
RET00690,ORD14883,Wrong size,1916
RET00691,ORD14885,Late delivery,997
RET00692,ORD14886,Changed mind,909
RET00693,ORD14911,Damaged,1012
RET00694,ORD14924,Late delivery,1409
RET00695,ORD14928,,2202
RET00696,ORD14932,,4752
RET00697,ORD14935,Defective,126
RET00698,ORD14939,Late delivery,5428
RET00699,ORD14941,Late delivery,467
RET00700,ORD14942,,2838
RET00701,ORD14945,,760
RET00702,ORD14964,Late delivery,668
RET00703,ORD14967,Changed mind,3868
RET00704,ORD14978,Changed mind,471
RET00705,ORD14982,Damaged,3225
RET00706,ORD14988,Damaged,97
RET00707,ORD14995,Changed mind,400
RET00708,ORD15005,Changed mind,834
RET00709,ORD15010,Wrong size,788
RET00710,ORD15016,Late delivery,258
RET00711,ORD15022,Late delivery,2238
RET00712,ORD15029,Defective,620
RET00713,ORD15033,Changed mind,3645
RET00714,ORD15043,Changed mind,5544
RET00715,ORD15044,Damaged,1936
RET00716,ORD15048,,3885
RET00717,ORD15055,Damaged,1966
RET00718,ORD15067,,680
RET00719,ORD15076,Late delivery,1560
RET00720,ORD15081,Late delivery,275
RET00721,ORD15086,,1044
RET00722,ORD15088,Changed mind,2811
RET00723,ORD15089,Late delivery,2618
RET00724,ORD15096,Changed mind,592
RET00725,ORD15099,Defective,4080
RET00726,ORD15111,Defective,3528
RET00727,ORD15121,Wrong size,4119
RET00728,ORD15134,Damaged,1812
RET00729,ORD15141,Wrong size,2700
RET00730,ORD15149,Defective,940
RET00731,ORD15154,Late delivery,531
RET00732,ORD15155,Damaged,1854
RET00733,ORD15156,Damaged,1960
RET00734,ORD15158,Wrong size,1744
RET00735,ORD15176,Damaged,441
RET00736,ORD15181,Defective,2206
RET00737,ORD15183,Late delivery,1466
RET00738,ORD15188,Wrong size,3820
RET00739,ORD15193,Late delivery,2433
RET00740,ORD15195,,4170
RET00741,ORD15199,Wrong size,2289
RET00742,ORD15206,,508
RET00743,ORD15216,Changed mind,5628
RET00744,ORD15217,Damaged,1983
RET00745,ORD15218,Changed mind,3320
RET00746,ORD15239,,1453
RET00747,ORD15241,Damaged,812
RET00748,ORD15251,Changed mind,1608
RET00749,ORD15252,Late delivery,1720
RET00750,ORD15265,Defective,664
RET00751,ORD15271,Wrong size,2576
RET00752,ORD15290,Damaged,1680
RET00753,ORD15292,Wrong size,91
RET00754,ORD15293,Defective,5356
RET00755,ORD15295,Changed mind,1256
RET00756,ORD15302,Late delivery,5836
RET00757,ORD15310,,2553
RET00758,ORD15328,Wrong size,2667
RET00759,ORD15332,,2040
RET00760,ORD15335,Changed mind,1242
RET00761,ORD15340,,2534
RET00762,ORD15354,Damaged,644
RET00763,ORD15355,Wrong size,2001
RET00764,ORD15363,Wrong size,2332
RET00765,ORD15383,Damaged,868
RET00766,ORD15402,Defective,780
RET00767,ORD15421,Changed mind,708
RET00768,ORD15422,,1692
RET00769,ORD15428,,3164
RET00770,ORD15429,Wrong size,1930
RET00771,ORD15430,Changed mind,3393
RET00772,ORD15431,,1283
RET00773,ORD15435,Late delivery,2954
RET00774,ORD15441,Changed mind,2872
RET00775,ORD15449,Changed mind,5168
RET00776,ORD15450,,1458
RET00777,ORD15464,Damaged,2380
RET00778,ORD15465,,1876
RET00779,ORD15472,Changed mind,678
RET00780,ORD15473,,1738
RET00781,ORD15491,,2516
RET00782,ORD15497,Defective,468
RET00783,ORD15499,Changed mind,1204
RET00784,ORD15500,Late delivery,2490
RET00785,ORD15503,,550
RET00786,ORD15509,Changed mind,49
RET00787,ORD15513,,164
RET00788,ORD15523,Damaged,282
RET00789,ORD15531,Late delivery,1796
RET00790,ORD15532,Damaged,913
RET00791,ORD15546,,2156
RET00792,ORD15547,Defective,3060
RET00793,ORD15548,Defective,1512
RET00794,ORD15549,Damaged,3624
RET00795,ORD15554,Defective,1362
RET00796,ORD15562,,2668
RET00797,ORD15563,Damaged,1068
RET00798,ORD15566,Wrong size,333
RET00799,ORD15569,Changed mind,2229
RET00800,ORD15572,Wrong size,2757
RET00801,ORD15583,Defective,684
RET00802,ORD15585,Damaged,2940
RET00803,ORD15590,Damaged,1635
RET00804,ORD15596,,1082
RET00805,ORD15598,Damaged,1059
RET00806,ORD15599,Damaged,627
RET00807,ORD15610,Changed mind,948
RET00808,ORD15630,Late delivery,718
RET00809,ORD15632,Wrong size,1647
RET00810,ORD15637,Defective,866
RET00811,ORD15648,Damaged,630
RET00812,ORD15663,Wrong size,1263
RET00813,ORD15664,Late delivery,1618
RET00814,ORD15666,Wrong size,870
RET00815,ORD15667,Defective,762
RET00816,ORD15669,Damaged,2188
RET00817,ORD15672,Defective,1118
RET00818,ORD15676,Damaged,4316
RET00819,ORD15685,Late delivery,263
RET00820,ORD15689,,94
RET00821,ORD15703,Defective,497
RET00822,ORD15704,Wrong size,606
RET00823,ORD15712,,724
RET00824,ORD15729,Late delivery,1452
RET00825,ORD15736,Defective,2130
RET00826,ORD15737,,1307
RET00827,ORD15741,Damaged,1207
RET00828,ORD15743,,813
RET00829,ORD15747,Late delivery,3404
RET00830,ORD15751,Damaged,1345
RET00831,ORD15762,,5300
RET00832,ORD15768,Changed mind,1280
RET00833,ORD15782,Wrong size,1203
RET00834,ORD15788,Damaged,4648
RET00835,ORD15789,Defective,932
RET00836,ORD15811,Changed mind,3160
RET00837,ORD15821,Late delivery,192
RET00838,ORD15824,Defective,5152
RET00839,ORD15828,Late delivery,430
RET00840,ORD15839,Changed mind,1428
RET00841,ORD15845,Defective,796
RET00842,ORD15846,Damaged,698
RET00843,ORD15855,,2864
RET00844,ORD15857,Defective,663
RET00845,ORD15862,Wrong size,1326
RET00846,ORD15871,Damaged,1109
RET00847,ORD15881,Wrong size,1654
RET00848,ORD15883,Defective,3663
RET00849,ORD15884,Defective,134
RET00850,ORD15900,Late delivery,2484
RET00851,ORD15927,Defective,1197
RET00852,ORD15935,Damaged,2070
RET00853,ORD15936,Wrong size,1482
RET00854,ORD15946,,3732
RET00855,ORD15947,,394
RET00856,ORD15951,Changed mind,2430
RET00857,ORD15962,Wrong size,688
RET00858,ORD15967,,1034
RET00859,ORD15973,,1210
RET00860,ORD15981,Late delivery,3264
RET00861,ORD15991,Changed mind,1077
RET00862,ORD15993,,170
RET00863,ORD16002,,1020
RET00864,ORD16015,Changed mind,2962
RET00865,ORD16016,Defective,214
RET00866,ORD16017,,1446
RET00867,ORD16023,Late delivery,263
RET00868,ORD16026,Late delivery,3152
RET00869,ORD16032,Defective,516
RET00870,ORD16053,,394
RET00871,ORD16059,Damaged,1224
RET00872,ORD16077,Defective,4572
RET00873,ORD16081,Late delivery,5128
RET00874,ORD16085,Changed mind,590
RET00875,ORD16086,Damaged,297
RET00876,ORD16088,,4056
RET00877,ORD16093,Late delivery,904
RET00878,ORD16102,Late delivery,1368
RET00879,ORD16105,Defective,5544
RET00880,ORD16111,Wrong size,2838
RET00881,ORD16112,Late delivery,490
RET00882,ORD16115,Wrong size,342
RET00883,ORD16117,Damaged,584
RET00884,ORD16120,Changed mind,5804
RET00885,ORD16121,Wrong size,2036
RET00886,ORD16127,Wrong size,5496
RET00887,ORD16133,Wrong size,2582
RET00888,ORD16144,Wrong size,726
RET00889,ORD16154,Wrong size,328
RET00890,ORD16160,Damaged,888
RET00891,ORD16164,,4170
RET00892,ORD16166,,4124
RET00893,ORD16175,Late delivery,662
RET00894,ORD16180,Changed mind,4716
RET00895,ORD16188,Late delivery,560
RET00896,ORD16200,Damaged,1227
RET00897,ORD16201,Damaged,2337
RET00898,ORD16209,Wrong size,5456
RET00899,ORD16211,Damaged,129
RET00900,ORD16219,Damaged,2790
RET00901,ORD16228,Wrong size,1293
RET00902,ORD16232,Damaged,3480
RET00903,ORD16242,Damaged,480
RET00904,ORD16245,Damaged,309
RET00905,ORD16248,Defective,4194
RET00906,ORD16263,,830
RET00907,ORD16266,Late delivery,5144
RET00908,ORD16276,Defective,2916
RET00909,ORD16281,Late delivery,458
RET00910,ORD16298,Wrong size,326
RET00911,ORD16304,Wrong size,75
RET00912,ORD16308,,409
RET00913,ORD16328,Late delivery,3332
RET00914,ORD16334,Late delivery,2436
RET00915,ORD16335,,678
RET00916,ORD16337,Changed mind,464
RET00917,ORD16339,Late delivery,305
RET00918,ORD16343,Late delivery,483
RET00919,ORD16352,Wrong size,648
RET00920,ORD16355,Wrong size,2396
RET00921,ORD16363,Damaged,1080
RET00922,ORD16373,Damaged,1370
RET00923,ORD16381,Wrong size,2464
RET00924,ORD16383,Damaged,362
RET00925,ORD16386,Defective,868
RET00926,ORD16389,Defective,1298
RET00927,ORD16392,,1114
RET00928,ORD16401,Damaged,1485
RET00929,ORD16414,Damaged,1371
RET00930,ORD16416,Late delivery,1310
RET00931,ORD16422,Late delivery,748
RET00932,ORD16444,Defective,3930
RET00933,ORD16464,,1806
RET00934,ORD16467,Defective,2164
RET00935,ORD16478,Late delivery,1368
RET00936,ORD16481,Late delivery,1339
RET00937,ORD16487,,2372
RET00938,ORD16493,Late delivery,1956
RET00939,ORD16496,Damaged,5836
RET00940,ORD16516,Wrong size,74
RET00941,ORD16517,Defective,2020
RET00942,ORD16521,Changed mind,979
RET00943,ORD16542,,807
RET00944,ORD16544,Late delivery,1144
RET00945,ORD16549,Damaged,2648
RET00946,ORD16553,Defective,399
RET00947,ORD16557,Late delivery,2676
RET00948,ORD16570,Damaged,1692
RET00949,ORD16577,Defective,1346
RET00950,ORD16586,Defective,981
RET00951,ORD16589,Changed mind,4228
RET00952,ORD16604,Changed mind,1127
RET00953,ORD16617,Defective,4312
RET00954,ORD16626,Damaged,2487
RET00955,ORD16631,Late delivery,483
RET00956,ORD16633,,3312
RET00957,ORD16636,Late delivery,792
RET00958,ORD16638,Defective,3580
RET00959,ORD16645,Late delivery,2564
RET00960,ORD16646,Changed mind,269
RET00961,ORD16648,Late delivery,5336
RET00962,ORD16660,Wrong size,2336
RET00963,ORD16664,Changed mind,2724
RET00964,ORD16671,Changed mind,2306
RET00965,ORD16678,Defective,2674
RET00966,ORD16685,Defective,3645
RET00967,ORD16687,Late delivery,3915
RET00968,ORD16699,Late delivery,5804
RET00969,ORD16713,Defective,1868
RET00970,ORD16728,Damaged,477
RET00971,ORD16729,Late delivery,4284
RET00972,ORD16730,Damaged,117
RET00973,ORD16734,Changed mind,2224
RET00974,ORD16735,,834
RET00975,ORD16744,,1510
RET00976,ORD16748,Wrong size,3573
RET00977,ORD16761,Damaged,2404
RET00978,ORD16764,Late delivery,297
RET00979,ORD16765,,576
RET00980,ORD16767,Defective,2726
RET00981,ORD16775,Defective,410
RET00982,ORD16781,Wrong size,372
RET00983,ORD16782,Wrong size,2256
RET00984,ORD16783,Changed mind,2604
RET00985,ORD16790,Damaged,2955
RET00986,ORD16796,Wrong size,3592
RET00987,ORD16798,Changed mind,822
RET00988,ORD16801,Changed mind,348
RET00989,ORD16818,Changed mind,1408
RET00990,ORD16827,,926
RET00991,ORD16837,,930
RET00992,ORD16842,Late delivery,5824
RET00993,ORD16843,Wrong size,1004
RET00994,ORD16846,,1472
RET00995,ORD16849,Defective,123
RET00996,ORD16850,Changed mind,1420
RET00997,ORD16852,Defective,1506
RET00998,ORD16858,Late delivery,321
RET00999,ORD16860,Damaged,942
RET01000,ORD16864,Late delivery,2652
RET01001,ORD16867,Late delivery,2632
RET01002,ORD16868,Wrong size,2398
RET01003,ORD16871,Changed mind,954
RET01004,ORD16879,Late delivery,720
RET01005,ORD16887,Changed mind,5772
RET01006,ORD16890,Defective,1518
RET01007,ORD16901,Damaged,1684
RET01008,ORD16905,Damaged,1304
RET01009,ORD16912,Defective,161
RET01010,ORD16920,Wrong size,1220
RET01011,ORD16937,Defective,355
RET01012,ORD16940,,618
RET01013,ORD16942,Defective,3536
RET01014,ORD16944,,1648
RET01015,ORD16945,Wrong size,1332
RET01016,ORD16946,Wrong size,47
RET01017,ORD16953,Late delivery,1268
RET01018,ORD16954,Changed mind,3228
RET01019,ORD16964,Damaged,453
RET01020,ORD16967,Wrong size,912
RET01021,ORD16978,,2238
RET01022,ORD16981,Wrong size,1356
RET01023,ORD16992,Late delivery,955
RET01024,ORD16995,Late delivery,1030
RET01025,ORD16997,Changed mind,3628
RET01026,ORD16999,Wrong size,1404
RET01027,ORD17002,Wrong size,369
RET01028,ORD17005,Late delivery,1668
RET01029,ORD17006,Defective,431
RET01030,ORD17010,Changed mind,2084
RET01031,ORD17020,Wrong size,524
RET01032,ORD17028,Damaged,4036
RET01033,ORD17030,Damaged,472
RET01034,ORD17049,,2517
RET01035,ORD17061,Late delivery,1072
RET01036,ORD17076,,3162
RET01037,ORD17081,Damaged,681
RET01038,ORD17087,Late delivery,4084
RET01039,ORD17093,Defective,109
RET01040,ORD17098,Late delivery,631
RET01041,ORD17105,Wrong size,4428
RET01042,ORD17116,Damaged,344
RET01043,ORD17125,Wrong size,1588
RET01044,ORD17131,Damaged,4980
RET01045,ORD17136,Damaged,5492
RET01046,ORD17137,Late delivery,1483
RET01047,ORD17140,Changed mind,746
RET01048,ORD17143,Damaged,2924
RET01049,ORD17155,Damaged,1162
RET01050,ORD17157,,2140
RET01051,ORD17161,Changed mind,2410
RET01052,ORD17175,Wrong size,646
RET01053,ORD17176,Damaged,988
RET01054,ORD17188,Late delivery,726
RET01055,ORD17191,Changed mind,1374
RET01056,ORD17215,Changed mind,308
RET01057,ORD17219,,685
RET01058,ORD17222,Damaged,1368
RET01059,ORD17236,Wrong size,3204
RET01060,ORD17237,Wrong size,418
RET01061,ORD17245,Defective,519
RET01062,ORD17247,Defective,922
RET01063,ORD17250,Late delivery,2132
RET01064,ORD17254,,1386
RET01065,ORD17259,Damaged,537
RET01066,ORD17276,Wrong size,108
RET01067,ORD17281,Defective,2595
RET01068,ORD17286,Damaged,193
RET01069,ORD17293,,768
RET01070,ORD17313,Damaged,506
RET01071,ORD17333,Wrong size,4856
RET01072,ORD17346,Damaged,864
RET01073,ORD17347,Changed mind,870
RET01074,ORD17366,Defective,233
RET01075,ORD17370,Late delivery,88
RET01076,ORD17382,Defective,537
RET01077,ORD17396,Damaged,484
RET01078,ORD17404,Changed mind,5292
RET01079,ORD17425,Defective,2572
RET01080,ORD17445,Wrong size,3378
RET01081,ORD17455,Changed mind,3057
RET01082,ORD17458,,1047
RET01083,ORD17471,Defective,594
RET01084,ORD17475,Damaged,3267
RET01085,ORD17476,Wrong size,1536
RET01086,ORD17486,Damaged,2972
RET01087,ORD17494,,73
RET01088,ORD17496,Damaged,2784
RET01089,ORD17500,,1820
RET01090,ORD17501,Wrong size,3552
RET01091,ORD17504,Changed mind,2452
RET01092,ORD17524,Defective,604
RET01093,ORD17528,Changed mind,453
RET01094,ORD17532,,2172
RET01095,ORD17539,Wrong size,1200
RET01096,ORD17541,,2644
RET01097,ORD17546,Defective,3116
RET01098,ORD17547,Wrong size,737
RET01099,ORD17551,Late delivery,5412
RET01100,ORD17556,Late delivery,2220
RET01101,ORD17568,Changed mind,934
RET01102,ORD17579,Wrong size,285
RET01103,ORD17583,Defective,2168
RET01104,ORD17584,Changed mind,35
RET01105,ORD17593,Late delivery,3255
RET01106,ORD17599,Late delivery,1599
RET01107,ORD17606,Late delivery,199
RET01108,ORD17625,Changed mind,2859
RET01109,ORD17626,Defective,896
RET01110,ORD17634,Late delivery,142
RET01111,ORD17638,Changed mind,1992
RET01112,ORD17653,Changed mind,4179
RET01113,ORD17654,Damaged,252
RET01114,ORD17661,Damaged,2136
RET01115,ORD17669,,498
RET01116,ORD17671,Defective,5384
RET01117,ORD17673,Late delivery,491
RET01118,ORD17679,Damaged,1019
RET01119,ORD17687,Defective,1431
RET01120,ORD17690,Damaged,4368
RET01121,ORD17700,Late delivery,996
RET01122,ORD17706,Changed mind,2388
RET01123,ORD17713,Late delivery,505
RET01124,ORD17719,Damaged,622
RET01125,ORD17720,Late delivery,5012
RET01126,ORD17728,Changed mind,3756
RET01127,ORD17731,Wrong size,348
RET01128,ORD17734,Changed mind,4497
RET01129,ORD17738,Damaged,1286
RET01130,ORD17746,Changed mind,1562
RET01131,ORD17749,,1360
RET01132,ORD17750,Defective,1012
RET01133,ORD17755,Late delivery,651
RET01134,ORD17767,,3348
RET01135,ORD17769,Wrong size,2622
RET01136,ORD17783,Wrong size,1193
RET01137,ORD17788,Late delivery,3544
RET01138,ORD17806,Late delivery,574
RET01139,ORD17838,Defective,4252
RET01140,ORD17841,Changed mind,4864
RET01141,ORD17850,Wrong size,1391
RET01142,ORD17859,Damaged,313
RET01143,ORD17860,Late delivery,1323
RET01144,ORD17865,Late delivery,3450
RET01145,ORD17872,,1650
RET01146,ORD17890,,442
RET01147,ORD17895,,1956
RET01148,ORD17900,Wrong size,4428
RET01149,ORD17907,,786
RET01150,ORD17925,Late delivery,775
RET01151,ORD17926,Wrong size,170
RET01152,ORD17928,Damaged,4419
RET01153,ORD17932,Damaged,744
RET01154,ORD17944,Wrong size,4260
RET01155,ORD17953,Late delivery,2276
RET01156,ORD17956,Defective,2184
RET01157,ORD17957,Defective,1033
RET01158,ORD17966,Changed mind,1778
RET01159,ORD17967,Defective,318
RET01160,ORD17981,,1415
RET01161,ORD17988,Late delivery,2620
RET01162,ORD18001,Defective,202
RET01163,ORD18002,Changed mind,276
RET01164,ORD18024,Damaged,4155
RET01165,ORD18026,Wrong size,4425
RET01166,ORD18032,Defective,3944
RET01167,ORD18038,Wrong size,5168
RET01168,ORD18040,Wrong size,456
RET01169,ORD18042,,3363
RET01170,ORD18043,,1178
RET01171,ORD18050,Damaged,226
RET01172,ORD18051,Changed mind,1265
RET01173,ORD18055,Late delivery,5004
RET01174,ORD18056,Late delivery,630
RET01175,ORD18060,Late delivery,3080
RET01176,ORD18067,Changed mind,5056
RET01177,ORD18071,,1254
RET01178,ORD18079,Changed mind,3960
RET01179,ORD18088,Changed mind,2680
RET01180,ORD18097,Defective,634
RET01181,ORD18110,Wrong size,696
RET01182,ORD18111,Changed mind,2880
RET01183,ORD18113,Changed mind,460
RET01184,ORD18117,Defective,2024
RET01185,ORD18154,Wrong size,546
RET01186,ORD18155,,2702
RET01187,ORD18156,,2714
RET01188,ORD18160,Late delivery,1224
RET01189,ORD18161,Damaged,562
RET01190,ORD18164,Changed mind,2578
RET01191,ORD18166,Changed mind,121
RET01192,ORD18172,Damaged,358
RET01193,ORD18180,Changed mind,3081
RET01194,ORD18193,,1045
RET01195,ORD18201,Changed mind,426
RET01196,ORD18208,Changed mind,3438
RET01197,ORD18212,Damaged,5692
RET01198,ORD18224,,827
RET01199,ORD18248,Defective,375
RET01200,ORD18253,Defective,1011
RET01201,ORD18254,Damaged,3780
RET01202,ORD18260,Defective,5036
RET01203,ORD18261,Late delivery,2691
RET01204,ORD18263,Late delivery,1462
RET01205,ORD18274,,1905
RET01206,ORD18279,Damaged,141
RET01207,ORD18283,Wrong size,1612
RET01208,ORD18287,,1060
RET01209,ORD18292,Changed mind,2469
RET01210,ORD18296,Wrong size,1116
RET01211,ORD18297,Changed mind,407
RET01212,ORD18300,,814
RET01213,ORD18304,Defective,3585
RET01214,ORD18310,Defective,1173
RET01215,ORD18313,Late delivery,956
RET01216,ORD18315,Wrong size,491
RET01217,ORD18321,Damaged,4256
RET01218,ORD18329,Changed mind,1288
RET01219,ORD18330,Defective,3868
RET01220,ORD18332,,896
RET01221,ORD18333,Changed mind,4324
RET01222,ORD18338,Damaged,1330
RET01223,ORD18344,Changed mind,2500
RET01224,ORD18346,Late delivery,1352
RET01225,ORD18353,Damaged,102
RET01226,ORD18356,Damaged,3860
RET01227,ORD18366,Changed mind,3327
RET01228,ORD18369,Changed mind,219
RET01229,ORD18370,Defective,5056
RET01230,ORD18386,Changed mind,1086
RET01231,ORD18388,Damaged,4110
RET01232,ORD18395,,2625
RET01233,ORD18402,Changed mind,1304
RET01234,ORD18405,,2554
RET01235,ORD18414,,2114
RET01236,ORD18416,Defective,774
RET01237,ORD18418,Wrong size,1312
RET01238,ORD18421,,1500
RET01239,ORD18427,Late delivery,1708
RET01240,ORD18435,,3136
RET01241,ORD18437,Damaged,618
RET01242,ORD18438,Defective,1352
RET01243,ORD18445,Late delivery,2025
RET01244,ORD18458,Changed mind,1116
RET01245,ORD18465,,1411
RET01246,ORD18475,Changed mind,2448
RET01247,ORD18476,Wrong size,1432
RET01248,ORD18481,Changed mind,336
RET01249,ORD18487,Late delivery,1152
RET01250,ORD18505,Defective,742
RET01251,ORD18510,Wrong size,2024
RET01252,ORD18513,Late delivery,2768
RET01253,ORD18519,Defective,312
RET01254,ORD18520,Late delivery,1920
RET01255,ORD18534,Changed mind,1770
RET01256,ORD18539,Late delivery,2286
RET01257,ORD18546,Wrong size,419
RET01258,ORD18548,Late delivery,519
RET01259,ORD18550,Damaged,804
RET01260,ORD18561,Changed mind,1040
RET01261,ORD18562,Late delivery,342
RET01262,ORD18564,Defective,1380
RET01263,ORD18567,Changed mind,1482
RET01264,ORD18572,,1800
RET01265,ORD18578,Defective,2078
RET01266,ORD18590,Wrong size,94
RET01267,ORD18592,,609
RET01268,ORD18599,,1269
RET01269,ORD18616,,1487
RET01270,ORD18617,Damaged,1688
RET01271,ORD18626,Late delivery,705
RET01272,ORD18627,Changed mind,1316
RET01273,ORD18637,Late delivery,660
RET01274,ORD18638,Late delivery,3656
RET01275,ORD18642,Changed mind,652
RET01276,ORD18653,,4110
RET01277,ORD18665,,4292
RET01278,ORD18666,Damaged,2620
RET01279,ORD18670,Damaged,700
RET01280,ORD18676,Wrong size,832
RET01281,ORD18686,Changed mind,2982
RET01282,ORD18687,Changed mind,436
RET01283,ORD18688,Defective,1234
RET01284,ORD18699,Defective,3384
RET01285,ORD18702,Defective,2400
RET01286,ORD18712,Damaged,750
RET01287,ORD18724,Wrong size,4668
RET01288,ORD18735,Wrong size,2128
RET01289,ORD18737,,131
RET01290,ORD18743,Late delivery,2445
RET01291,ORD18773,Wrong size,940
RET01292,ORD18784,Defective,392
RET01293,ORD18793,Changed mind,185
RET01294,ORD18800,Late delivery,1268
RET01295,ORD18802,,2100
RET01296,ORD18814,Damaged,122
RET01297,ORD18837,Wrong size,3020
RET01298,ORD18839,,527
RET01299,ORD18845,Changed mind,2692
RET01300,ORD18851,Defective,1143
RET01301,ORD18852,Damaged,952
RET01302,ORD18877,Damaged,3636
RET01303,ORD18892,Wrong size,2958
RET01304,ORD18894,Changed mind,462
RET01305,ORD18895,Defective,1388
RET01306,ORD18898,Defective,1303
RET01307,ORD18903,Defective,1152
RET01308,ORD18907,Defective,1820
RET01309,ORD18908,Wrong size,1189
RET01310,ORD18914,,1268
RET01311,ORD18918,,3660
RET01312,ORD18919,,2184
RET01313,ORD18922,Wrong size,2552
RET01314,ORD18950,Changed mind,414
RET01315,ORD18951,Late delivery,2538
RET01316,ORD18961,Wrong size,3084
RET01317,ORD18970,Defective,633
RET01318,ORD18976,,1844
RET01319,ORD18986,,3891
RET01320,ORD18991,Changed mind,2198
RET01321,ORD18993,Defective,399
RET01322,ORD18998,Wrong size,1696
RET01323,ORD18999,,3780
RET01324,ORD19007,Changed mind,3153
RET01325,ORD19011,Defective,1650
RET01326,ORD19015,,123
RET01327,ORD19019,Late delivery,2924
RET01328,ORD19026,Damaged,1371
RET01329,ORD19029,Damaged,1560
RET01330,ORD19034,,1155
RET01331,ORD19037,Defective,2718
RET01332,ORD19042,,1271
RET01333,ORD19045,Damaged,222
RET01334,ORD19046,,465
RET01335,ORD19050,,110
RET01336,ORD19075,Late delivery,493
RET01337,ORD19077,,2874
RET01338,ORD19087,Late delivery,980
RET01339,ORD19095,Defective,2444
RET01340,ORD19097,Late delivery,4148
RET01341,ORD19111,Damaged,1248
RET01342,ORD19113,Defective,1485
RET01343,ORD19116,,917
RET01344,ORD19118,Damaged,2712
RET01345,ORD19120,Late delivery,1218
RET01346,ORD19121,Late delivery,282
RET01347,ORD19123,Changed mind,1282
RET01348,ORD19126,Wrong size,530
RET01349,ORD19127,,42
RET01350,ORD19129,Wrong size,818
RET01351,ORD19136,Defective,1666
RET01352,ORD19137,Damaged,146
RET01353,ORD19157,Wrong size,2469
RET01354,ORD19158,Defective,4074
RET01355,ORD19163,Late delivery,1017
RET01356,ORD19173,Wrong size,525
RET01357,ORD19191,Damaged,468
RET01358,ORD19193,Changed mind,537
RET01359,ORD19195,Changed mind,302
RET01360,ORD19206,Wrong size,2997
RET01361,ORD19207,Changed mind,1053
RET01362,ORD19209,Defective,744
RET01363,ORD19212,,1916
RET01364,ORD19214,Damaged,267
RET01365,ORD19215,Late delivery,1371
RET01366,ORD19224,Damaged,1962
RET01367,ORD19226,Late delivery,4252
RET01368,ORD19228,Changed mind,4256
RET01369,ORD19237,Defective,405
RET01370,ORD19243,Late delivery,3138
RET01371,ORD19246,Changed mind,1478
RET01372,ORD19249,Late delivery,1672
RET01373,ORD19251,Wrong size,1004
RET01374,ORD19265,Damaged,474
RET01375,ORD19271,,584
RET01376,ORD19282,,2820
RET01377,ORD19290,Defective,3774
RET01378,ORD19295,Changed mind,3264
RET01379,ORD19299,Defective,2632
RET01380,ORD19308,Damaged,4194
RET01381,ORD19317,,49
RET01382,ORD19319,Late delivery,192
RET01383,ORD19323,Late delivery,4080
RET01384,ORD19324,Defective,1664
RET01385,ORD19331,Late delivery,3138
RET01386,ORD19351,Late delivery,2876
RET01387,ORD19352,Late delivery,2330
RET01388,ORD19364,Wrong size,46
RET01389,ORD19369,Changed mind,1650
RET01390,ORD19373,Changed mind,969
RET01391,ORD19383,,1455
RET01392,ORD19386,Damaged,3102
RET01393,ORD19392,Late delivery,1572
RET01394,ORD19396,Defective,1444
RET01395,ORD19398,Late delivery,3516
RET01396,ORD19402,Damaged,2709
RET01397,ORD19409,Late delivery,2712
RET01398,ORD19411,Wrong size,1624
RET01399,ORD19416,Damaged,5992
RET01400,ORD19426,Changed mind,1332
RET01401,ORD19431,Changed mind,1052
RET01402,ORD19433,Wrong size,563
RET01403,ORD19436,Changed mind,112
RET01404,ORD19441,,914
RET01405,ORD19444,Wrong size,4016
RET01406,ORD19452,Changed mind,708
RET01407,ORD19460,Changed mind,2958
RET01408,ORD19466,,898
RET01409,ORD19468,Late delivery,386
RET01410,ORD19470,Damaged,2643
RET01411,ORD19472,Changed mind,3177
RET01412,ORD19476,Damaged,1349
RET01413,ORD19480,Damaged,1095
RET01414,ORD19491,Changed mind,1946
RET01415,ORD19493,Damaged,2532
RET01416,ORD19494,,964
RET01417,ORD19501,Wrong size,322
RET01418,ORD19502,,432
RET01419,ORD19506,Defective,1942
RET01420,ORD19524,Wrong size,1821
RET01421,ORD19527,Changed mind,2158
RET01422,ORD19544,Wrong size,1069
RET01423,ORD19551,,515
RET01424,ORD19553,Defective,2034
RET01425,ORD19559,Wrong size,632
RET01426,ORD19587,Damaged,2738
RET01427,ORD19591,Changed mind,810
RET01428,ORD19596,Damaged,1186
RET01429,ORD19600,Damaged,2710
RET01430,ORD19610,Changed mind,3447
RET01431,ORD19611,Changed mind,1569
RET01432,ORD19615,Late delivery,556
RET01433,ORD19625,Defective,2410
RET01434,ORD19628,Damaged,3752
RET01435,ORD19636,,1189
RET01436,ORD19637,Damaged,1112
RET01437,ORD19642,Changed mind,4392
RET01438,ORD19643,Changed mind,1266
RET01439,ORD19647,Wrong size,566
RET01440,ORD19651,Damaged,3690
RET01441,ORD19678,Damaged,1469
RET01442,ORD19683,Changed mind,4620
RET01443,ORD19694,,4086
RET01444,ORD19697,,2967
RET01445,ORD19713,Damaged,2325
RET01446,ORD19717,Defective,1298
RET01447,ORD19718,Late delivery,2961
RET01448,ORD19727,Changed mind,544
RET01449,ORD19729,Changed mind,1576
RET01450,ORD19733,Damaged,3234
RET01451,ORD19738,,3048
RET01452,ORD19742,Late delivery,1235
RET01453,ORD19745,Late delivery,3848
RET01454,ORD19749,,2094
RET01455,ORD19755,Changed mind,1182
RET01456,ORD19786,Changed mind,2672
RET01457,ORD19788,Changed mind,270
RET01458,ORD19790,Defective,2784
RET01459,ORD19808,Damaged,1560
RET01460,ORD19812,Defective,3000
RET01461,ORD19832,Changed mind,1028
RET01462,ORD19846,Late delivery,4098
RET01463,ORD19853,Damaged,4456
RET01464,ORD19855,Damaged,1484
RET01465,ORD19858,,3224
RET01466,ORD19860,Changed mind,974
RET01467,ORD19865,Changed mind,706
RET01468,ORD19866,Changed mind,1240
RET01469,ORD19878,Changed mind,2552
RET01470,ORD19881,Changed mind,2268
RET01471,ORD19882,Changed mind,960
RET01472,ORD19886,Damaged,3876
RET01473,ORD19889,Defective,2348
RET01474,ORD19898,Late delivery,572
RET01475,ORD19900,Changed mind,70
RET01476,ORD19910,Late delivery,1752
RET01477,ORD19927,,4420
RET01478,ORD19928,Damaged,225
RET01479,ORD19931,Late delivery,3628
RET01480,ORD19934,Damaged,3354
RET01481,ORD19937,Wrong size,1187
RET01482,ORD19938,Defective,668
RET01483,ORD19943,Wrong size,1209
RET01484,ORD19948,Damaged,1358
RET01485,ORD19949,,266
RET01486,ORD19990,Wrong size,172
